{
  "timestamp": "2025-12-16T13:39:32.279155",
  "test_queries": 12,
  "rlhf_model_trained": false,
  "results": {
    "1": {
      "point": 1,
      "config": {
        "description": "Base sin ML/NLP",
        "ml": false,
        "nlp": false,
        "rlhf": false
      },
      "avg_query_time_ms": 7.603148619333903,
      "total_time_ms": 91.23778343200684,
      "queries_evaluated": 12,
      "scores": {
        "relevance": 0.683399470899471,
        "specificity": 0.5304166666666666,
        "completeness": 1.0,
        "helpfulness": 0.8766666666666668,
        "total": 0.7741031746031745
      },
      "type_scores": {
        "simple": 0.6869999999999998,
        "complex": 0.8284166666666666,
        "technical": 0.806892857142857
      },
      "query_times": [
        0.0067594051361083984,
        0.008071184158325195,
        0.008682012557983398,
        0.008873939514160156,
        0.006624460220336914,
        0.008501768112182617,
        0.006208658218383789,
        0.00693202018737793,
        0.00787496566772461,
        0.009160518646240234,
        0.0073354244232177734,
        0.00621342658996582
      ]
    },
    "2": {
      "point": 2,
      "config": {
        "description": "Base con NLP",
        "ml": false,
        "nlp": true,
        "rlhf": false
      },
      "avg_query_time_ms": 20.618478457132976,
      "total_time_ms": 247.4217414855957,
      "queries_evaluated": 12,
      "scores": {
        "relevance": 0.6926587301587301,
        "specificity": 0.9045833333333334,
        "completeness": 1.0,
        "helpfulness": 0.8811111111111112,
        "total": 0.8530476190476189
      },
      "type_scores": {
        "simple": 0.762,
        "complex": 0.9152499999999999,
        "technical": 0.881892857142857
      },
      "query_times": [
        0.021751880645751953,
        0.019438743591308594,
        0.02422165870666504,
        0.017980575561523438,
        0.020392894744873047,
        0.02282094955444336,
        0.019043684005737305,
        0.022550106048583984,
        0.017027854919433594,
        0.02037668228149414,
        0.021413087844848633,
        0.020403623580932617
      ]
    },
    "3": {
      "point": 3,
      "config": {
        "description": "ML sin NLP",
        "ml": true,
        "nlp": false,
        "rlhf": true
      },
      "avg_query_time_ms": 25.598009427388508,
      "total_time_ms": 307.1761131286621,
      "queries_evaluated": 12,
      "scores": {
        "relevance": 0.683399470899471,
        "specificity": 0.8954166666666667,
        "completeness": 1.0,
        "helpfulness": 0.9266666666666664,
        "total": 0.8621031746031749
      },
      "type_scores": {
        "simple": 0.7750000000000001,
        "complex": 0.9164166666666667,
        "technical": 0.8948928571428572
      },
      "query_times": [
        0.02171182632446289,
        0.024384498596191406,
        0.02635669708251953,
        0.0222015380859375,
        0.030848979949951172,
        0.03097987174987793,
        0.028816938400268555,
        0.024032115936279297,
        0.02561783790588379,
        0.02501702308654785,
        0.024772167205810547,
        0.02243661880493164
      ]
    },
    "4": {
      "point": 4,
      "config": {
        "description": "Completo (ML+NLP+RLHF)",
        "ml": true,
        "nlp": true,
        "rlhf": true
      },
      "avg_query_time_ms": 24.614234765370686,
      "total_time_ms": 295.37081718444824,
      "queries_evaluated": 12,
      "scores": {
        "relevance": 0.6926587301587301,
        "specificity": 1.0,
        "completeness": 1.0,
        "helpfulness": 0.9308333333333332,
        "total": 0.887047619047619
      },
      "type_scores": {
        "simple": 0.828,
        "complex": 0.9317500000000001,
        "technical": 0.9013928571428572
      },
      "query_times": [
        0.029329538345336914,
        0.030848264694213867,
        0.025369644165039062,
        0.023563146591186523,
        0.021851539611816406,
        0.021912813186645508,
        0.024949073791503906,
        0.023460865020751953,
        0.02448582649230957,
        0.022029638290405273,
        0.02585577964782715,
        0.02171468734741211
      ]
    }
  }
}