{
  "timestamp": "2025-12-08T01:21:41.640163",
  "test_queries": 12,
  "rlhf_model_trained": true,
  "results": {
    "1": {
      "point": 1,
      "config": {
        "description": "Base sin ML/NLP",
        "ml": false,
        "nlp": false,
        "rlhf": false
      },
      "avg_query_time_ms": 8.645057678222656,
      "total_time_ms": 103.74069213867188,
      "queries_evaluated": 12,
      "scores": {
        "relevance": 0.683399470899471,
        "specificity": 0.5304166666666666,
        "completeness": 1.0,
        "helpfulness": 0.8766666666666666,
        "total": 0.7741031746031745
      },
      "type_scores": {
        "simple": 0.6869999999999999,
        "complex": 0.8284166666666666,
        "technical": 0.8068928571428571
      },
      "query_times": [
        0.006448030471801758,
        0.00596165657043457,
        0.006136655807495117,
        0.009408950805664062,
        0.010938644409179688,
        0.008269786834716797,
        0.019701242446899414,
        0.0068340301513671875,
        0.008858919143676758,
        0.007631540298461914,
        0.007398366928100586,
        0.0061528682708740234
      ]
    },
    "2": {
      "point": 2,
      "config": {
        "description": "Base con NLP",
        "ml": false,
        "nlp": true,
        "rlhf": false
      },
      "avg_query_time_ms": 18.989662329355877,
      "total_time_ms": 227.8759479522705,
      "queries_evaluated": 12,
      "scores": {
        "relevance": 0.6926587301587301,
        "specificity": 0.9045833333333334,
        "completeness": 1.0,
        "helpfulness": 0.8811111111111111,
        "total": 0.853047619047619
      },
      "type_scores": {
        "simple": 0.762,
        "complex": 0.91525,
        "technical": 0.881892857142857
      },
      "query_times": [
        0.017781972885131836,
        0.020701885223388672,
        0.019871950149536133,
        0.01876235008239746,
        0.020219802856445312,
        0.017696380615234375,
        0.015904903411865234,
        0.021953344345092773,
        0.020496368408203125,
        0.015767574310302734,
        0.02151966094970703,
        0.01719975471496582
      ]
    },
    "3": {
      "point": 3,
      "config": {
        "description": "ML sin NLP",
        "ml": true,
        "nlp": false,
        "rlhf": true
      },
      "avg_query_time_ms": 28.29323212305705,
      "total_time_ms": 339.51878547668457,
      "queries_evaluated": 12,
      "scores": {
        "relevance": 0.683399470899471,
        "specificity": 0.8954166666666666,
        "completeness": 1.0,
        "helpfulness": 0.9902777777777777,
        "total": 0.881186507936508
      },
      "type_scores": {
        "simple": 0.79175,
        "complex": 0.9349166666666666,
        "technical": 0.9168928571428572
      },
      "query_times": [
        0.029731035232543945,
        0.02231740951538086,
        0.02855229377746582,
        0.022996187210083008,
        0.02518486976623535,
        0.021048784255981445,
        0.025095462799072266,
        0.02831578254699707,
        0.03862166404724121,
        0.0321502685546875,
        0.03532910346984863,
        0.03017592430114746
      ]
    },
    "4": {
      "point": 4,
      "config": {
        "description": "Completo (ML+NLP+RLHF)",
        "ml": true,
        "nlp": true,
        "rlhf": true
      },
      "avg_query_time_ms": 27.079999446868896,
      "total_time_ms": 324.95999336242676,
      "queries_evaluated": 12,
      "scores": {
        "relevance": 0.6926587301587301,
        "specificity": 1.0,
        "completeness": 1.0,
        "helpfulness": 0.9916666666666667,
        "total": 0.9052976190476191
      },
      "type_scores": {
        "simple": 0.84475,
        "complex": 0.94775,
        "technical": 0.9233928571428571
      },
      "query_times": [
        0.02707529067993164,
        0.021846294403076172,
        0.0304720401763916,
        0.027286767959594727,
        0.03168749809265137,
        0.031180381774902344,
        0.025204181671142578,
        0.02662205696105957,
        0.02667832374572754,
        0.025521516799926758,
        0.029515743255615234,
        0.021869897842407227
      ]
    }
  }
}