{
  "timestamp": 1764927279.5557637,
  "test_queries": 8,
  "test_products": 7,
  "results": {
    "rag_sin_ml": {
      "time_seconds": 0.03568387031555176,
      "latency_ms": 4.46048378944397,
      "queries_count": 8,
      "precision@5": 0.7875,
      "recall@5": 0.7708333333333334,
      "f1@5": 0.7790775401069518,
      "hit_rate@5": 0.875,
      "ndcg@5": 0.6944797088588041,
      "coverage": 1.0,
      "config": {
        "ml_enabled": false
      }
    },
    "rag_con_ml": {
      "time_seconds": 0.17726898193359375,
      "latency_ms": 22.15862274169922,
      "queries_count": 8,
      "precision@5": 0.85,
      "recall@5": 0.8333333333333334,
      "f1@5": 0.8415841584158417,
      "hit_rate@5": 0.875,
      "ndcg@5": 0.7028813544361081,
      "coverage": 1.0,
      "config": {
        "ml_enabled": true
      }
    }
  }
}