{
  "timestamp": 1764928625.9809852,
  "test_queries": 10,
  "test_products": 9,
  "test_products_with_ml": 7,
  "rl_models_available": false,
  "rl_models_count": 0,
  "evaluation_seed": 42,
  "results": {
    "rag_sin_ml": {
      "time_seconds": 0.044707298278808594,
      "latency_ms": 4.470729827880859,
      "queries_count": 10,
      "precision@5": 0.8933333333333333,
      "recall@5": 0.8666666666666666,
      "f1@5": 0.8797979797979798,
      "hit_rate@5": 1.0,
      "ndcg@5": 0.7621092046017349,
      "coverage": 0.7777777777777778,
      "diversity": 0.06666666666666667,
      "novelty": 0.5,
      "personalization": 0.4095238095238096,
      "config": {
        "ml_enabled": false,
        "rl_models_enabled": false,
        "rl_models_available": false
      }
    },
    "rag_con_ml": {
      "time_seconds": 0.20177221298217773,
      "latency_ms": 20.177221298217773,
      "queries_count": 10,
      "precision@5": 0.8099999999999999,
      "recall@5": 0.7833333333333333,
      "f1@5": 0.7964435146443515,
      "hit_rate@5": 0.9,
      "ndcg@5": 0.6643873027646496,
      "coverage": 0.7777777777777778,
      "diversity": 0.06666666666666667,
      "novelty": 0.58,
      "personalization": 0.3121693121693122,
      "config": {
        "ml_enabled": true,
        "rl_models_enabled": true,
        "rl_models_available": false
      },
      "ml_recommendation_ratio": 1.0,
      "ml_precision": 0.38
    }
  }
}