{
  "evaluation_date": "2025-11-23T19:00:30.737352",
  "test_queries_count": 10,
  "configurations": {
    "Solo RAG": {
      "response_times": [
        0.30387425422668457,
        0.18154120445251465,
        0.17920184135437012,
        0.17845630645751953,
        0.1896369457244873,
        0.17273783683776855,
        0.1768207550048828,
        0.17674636840820312,
        0.1692955493927002,
        0.17898964881896973
      ],
      "quality_scores": [
        0.95,
        0.95,
        0.52,
        0.88,
        0.56,
        0.86,
        0.84,
        0.51,
        0.7,
        0.9
      ],
      "products_returned": [
        3,
        3,
        1,
        3,
        1,
        3,
        3,
        1,
        2,
        3
      ],
      "successful_queries": 7,
      "total_queries": 10,
      "avg_response_time": 0.19073007106781006,
      "avg_quality_score": 0.767,
      "avg_products_returned": 2.3,
      "success_rate": 0.7
    },
    "RAG + RL": {
      "response_times": [
        0.20948457717895508,
        0.2105579376220703,
        0.19846057891845703,
        0.1986711025238037,
        0.19682979583740234,
        0.180877685546875,
        0.2049257755279541,
        0.21476364135742188,
        0.19649410247802734,
        0.19104361534118652
      ],
      "quality_scores": [
        0.97,
        0.95,
        0.52,
        0.9,
        0.56,
        0.9,
        0.84,
        0.9,
        0.93,
        0.92
      ],
      "products_returned": [
        5,
        5,
        1,
        5,
        1,
        5,
        5,
        4,
        4,
        5
      ],
      "successful_queries": 8,
      "total_queries": 10,
      "avg_response_time": 0.20021088123321534,
      "avg_quality_score": 0.839,
      "avg_products_returned": 4,
      "success_rate": 0.8
    },
    "RAG + Usuarios": {
      "response_times": [
        0.22492194175720215,
        0.19664669036865234,
        0.19516944885253906,
        0.19500184059143066,
        0.19649147987365723,
        0.21587014198303223,
        0.21574926376342773,
        0.189208984375,
        0.1893601417541504,
        0.20206737518310547
      ],
      "quality_scores": [
        0.97,
        0.95,
        0.52,
        0.9,
        0.56,
        0.9,
        0.84,
        0.9,
        0.93,
        0.92
      ],
      "products_returned": [
        5,
        5,
        1,
        5,
        1,
        5,
        5,
        4,
        4,
        5
      ],
      "successful_queries": 8,
      "total_queries": 10,
      "avg_response_time": 0.20204873085021974,
      "avg_quality_score": 0.839,
      "avg_products_returned": 4,
      "success_rate": 0.8
    },
    "RAG + RL + Usuarios": {
      "response_times": [
        0.24190402030944824,
        0.20502901077270508,
        0.18589138984680176,
        0.1983036994934082,
        0.1835496425628662,
        0.18598270416259766,
        0.195587158203125,
        0.18649959564208984,
        0.18603515625,
        0.19275283813476562
      ],
      "quality_scores": [
        0.99,
        0.99,
        0.52,
        0.9,
        0.97,
        0.9,
        0.84,
        0.9,
        0.93,
        0.55
      ],
      "products_returned": [
        5,
        5,
        1,
        5,
        3,
        5,
        5,
        5,
        4,
        1
      ],
      "successful_queries": 8,
      "total_queries": 10,
      "avg_response_time": 0.19615352153778076,
      "avg_quality_score": 0.849,
      "avg_products_returned": 3.9,
      "success_rate": 0.8
    }
  },
  "improvements": {
    "RAG + RL": {
      "quality_improvement": 0.07199999999999995,
      "success_improvement": 0.10000000000000009
    },
    "RAG + Usuarios": {
      "quality_improvement": 0.07199999999999995,
      "success_improvement": 0.10000000000000009
    },
    "RAG + RL + Usuarios": {
      "quality_improvement": 0.08199999999999996,
      "success_improvement": 0.10000000000000009
    }
  }
}