{
  "timestamp": 1764928638.059889,
  "test_queries": 8,
  "test_products": 7,
  "results": {
    "rag_sin_ml": {
      "time_seconds": 0.03516364097595215,
      "latency_ms": 4.3954551219940186,
      "queries_count": 8,
      "precision@5": 0.7875,
      "recall@5": 0.7708333333333334,
      "f1@5": 0.7790775401069518,
      "hit_rate@5": 0.875,
      "ndcg@5": 0.6944797088588041,
      "coverage": 1.0,
      "config": {
        "ml_enabled": false
      }
    },
    "rag_con_ml": {
      "time_seconds": 0.1727437973022461,
      "latency_ms": 21.59297466278076,
      "queries_count": 8,
      "precision@5": 0.85,
      "recall@5": 0.8333333333333334,
      "f1@5": 0.8415841584158417,
      "hit_rate@5": 0.875,
      "ndcg@5": 0.7028813544361081,
      "coverage": 1.0,
      "config": {
        "ml_enabled": true
      }
    }
  }
}