{
  "evaluation_date": "2025-11-24T10:46:34.039107",
  "test_queries_count": 10,
  "configurations": {
    "Solo RAG": {
      "response_times": [
        0.5777277946472168,
        0.19867324829101562,
        0.20214343070983887,
        0.1834418773651123,
        0.17556381225585938,
        0.17443370819091797,
        0.1776120662689209,
        0.17655038833618164,
        0.17236995697021484,
        0.17468714714050293
      ],
      "quality_scores": [
        0.95,
        0.95,
        0.97,
        0.9,
        0.92,
        0.89,
        0.88,
        0.9,
        0.53,
        0.89
      ],
      "products_returned": [
        3,
        3,
        3,
        3,
        3,
        3,
        3,
        3,
        1,
        3
      ],
      "successful_queries": 9,
      "total_queries": 10,
      "avg_response_time": 0.22132034301757814,
      "avg_quality_score": 0.878,
      "avg_products_returned": 2.8,
      "success_rate": 0.9
    },
    "RAG + RL": {
      "response_times": [
        0.432330846786499,
        0.23093485832214355,
        0.18245458602905273,
        0.19119548797607422,
        0.19256210327148438,
        0.17777657508850098,
        0.18366122245788574,
        0.1807246208190918,
        0.18246078491210938,
        0.1845388412475586
      ],
      "quality_scores": [
        0.99,
        0.95,
        0.97,
        0.9,
        0.92,
        0.9,
        0.88,
        0.9,
        0.53,
        0.92
      ],
      "products_returned": [
        5,
        5,
        3,
        5,
        5,
        5,
        5,
        5,
        1,
        5
      ],
      "successful_queries": 9,
      "total_queries": 10,
      "avg_response_time": 0.21386399269104003,
      "avg_quality_score": 0.886,
      "avg_products_returned": 4.4,
      "success_rate": 0.9
    },
    "RAG + Usuarios": {
      "response_times": [
        0.21640825271606445,
        0.20378661155700684,
        0.19188880920410156,
        0.1820671558380127,
        0.17896056175231934,
        0.18261361122131348,
        0.17776775360107422,
        0.18622779846191406,
        0.18738317489624023,
        0.18575572967529297
      ],
      "quality_scores": [
        0.99,
        0.95,
        0.97,
        0.9,
        0.92,
        0.9,
        0.88,
        0.9,
        0.53,
        0.92
      ],
      "products_returned": [
        5,
        5,
        3,
        5,
        5,
        5,
        5,
        5,
        1,
        5
      ],
      "successful_queries": 9,
      "total_queries": 10,
      "avg_response_time": 0.189285945892334,
      "avg_quality_score": 0.886,
      "avg_products_returned": 4.4,
      "success_rate": 0.9
    },
    "RAG + RL + Usuarios": {
      "response_times": [
        0.21259260177612305,
        0.19364595413208008,
        0.23548650741577148,
        0.19138383865356445,
        0.22086668014526367,
        0.19950032234191895,
        0.19963598251342773,
        0.18248558044433594,
        0.1838822364807129,
        0.19429636001586914
      ],
      "quality_scores": [
        0.99,
        0.97,
        0.97,
        0.9,
        0.92,
        0.9,
        0.88,
        0.9,
        0.7,
        0.92
      ],
      "products_returned": [
        5,
        5,
        3,
        5,
        5,
        5,
        5,
        5,
        2,
        5
      ],
      "successful_queries": 10,
      "total_queries": 10,
      "avg_response_time": 0.20137760639190674,
      "avg_quality_score": 0.905,
      "avg_products_returned": 4.5,
      "success_rate": 1.0
    }
  },
  "improvements": {
    "RAG + RL": {
      "quality_improvement": 0.008000000000000007,
      "success_improvement": 0.0
    },
    "RAG + Usuarios": {
      "quality_improvement": 0.008000000000000007,
      "success_improvement": 0.0
    },
    "RAG + RL + Usuarios": {
      "quality_improvement": 0.027000000000000024,
      "success_improvement": 0.09999999999999998
    }
  }
}