{
  "timestamp": 1764769061.9102743,
  "analysis": "Evaluación consistente corregida",
  "results": {
    "RAG sin ML": {
      "time_seconds": 0.00018668174743652344,
      "latency_per_query_ms": 0.02666882106236049,
      "queries_count": 7,
      "precision@5": 0.3428571428571429,
      "recall@5": 0.8857142857142858,
      "f1@5": 0.49435215946843863,
      "hit_rate@5": 1.0,
      "map@5": 0.8619047619047618,
      "coverage": 1.0,
      "avg_retrieved": 10.0,
      "config": {
        "mode": "rag",
        "ml_enabled": false
      }
    },
    "RAG con ML": {
      "time_seconds": 0.00017118453979492188,
      "latency_per_query_ms": 0.02445493425641741,
      "queries_count": 7,
      "precision@5": 0.3428571428571429,
      "recall@5": 0.8857142857142858,
      "f1@5": 0.49435215946843863,
      "hit_rate@5": 1.0,
      "map@5": 0.8619047619047618,
      "coverage": 1.0,
      "avg_retrieved": 10.0,
      "config": {
        "mode": "rag",
        "ml_enabled": true
      }
    },
    "Híbrido sin ML": {
      "time_seconds": 0.00018787384033203125,
      "latency_per_query_ms": 0.026839120047433034,
      "queries_count": 7,
      "precision@5": 0.3428571428571429,
      "recall@5": 0.8857142857142858,
      "f1@5": 0.49435215946843863,
      "hit_rate@5": 1.0,
      "map@5": 0.8619047619047618,
      "coverage": 0.8,
      "avg_retrieved": 5.0,
      "config": {
        "mode": "hybrid",
        "ml_enabled": false
      }
    },
    "Híbrido con ML": {
      "time_seconds": 0.00030922889709472656,
      "latency_per_query_ms": 0.04417555672781808,
      "queries_count": 7,
      "precision@5": 0.3428571428571429,
      "recall@5": 0.8857142857142858,
      "f1@5": 0.49435215946843863,
      "hit_rate@5": 1.0,
      "map@5": 0.8619047619047618,
      "coverage": 0.8,
      "avg_retrieved": 5.0,
      "config": {
        "mode": "hybrid",
        "ml_enabled": true
      }
    }
  },
  "averages": {
    "precision@5": 0.3428571428571429,
    "recall@5": 0.8857142857142858,
    "f1@5": 0.49435215946843863
  }
}