{
  "timestamp": 1764768975.0562522,
  "system_info": {
    "n_products": 25,
    "n_users": 50,
    "n_conversations": 150,
    "n_feedbacks": 137
  },
  "results": {
    "RAG sin ML": {
      "precision@5": 0.15555555555555556,
      "precision@5_std": 0.01662958838566198,
      "recall@5": 0.411111111111111,
      "recall@5_std": 0.024002743327436557,
      "f1@5": 0.2246696468124522,
      "f1@5_std": 0.015640818122376325,
      "hit_rate@5": 0.6888888888888888,
      "hit_rate@5_std": 0.03142696805273544,
      "map@5": 0.2003703703703704,
      "map@5_std": 0.04731858963947128,
      "coverage": 0.88,
      "coverage_std": 0.03265986323710907,
      "diversity": 0.39999999999999997,
      "diversity_std": 0.04800548665487304,
      "novelty@5": 0.6133333333333333,
      "novelty@5_std": 0.04988876515698593,
      "personalization@3": 0.15037037037037035,
      "personalization@3_std": 0.008622553130979862,
      "time_seconds": 0.0037570794423421225,
      "time_seconds_std": 0.0006234477119683214,
      "latency_per_query_ms": 0.25047196282280815,
      "latency_per_query_ms_std": 0.04156318079788809,
      "config": {
        "mode": "rag",
        "ml_enabled": false,
        "n_runs": 3,
        "n_queries": 15
      },
      "avg_time_seconds": 0.0037570794423421225
    },
    "RAG con ML": {
      "precision@5": 0.14222222222222222,
      "precision@5_std": 0.012570787221094181,
      "recall@5": 0.36296296296296293,
      "recall@5_std": 0.05468452985271631,
      "f1@5": 0.20408754790777264,
      "f1@5_std": 0.021287816287568633,
      "hit_rate@5": 0.5555555555555555,
      "hit_rate@5_std": 0.06285393610547088,
      "map@5": 0.21833333333333335,
      "map@5_std": 0.04918424623527387,
      "coverage": 0.9466666666666667,
      "coverage_std": 0.018856180831641232,
      "diversity": 0.43703703703703706,
      "diversity_std": 0.037770514915502096,
      "novelty@5": 0.6533333333333333,
      "novelty@5_std": 0.04988876515698593,
      "personalization@3": 0.1596296296296296,
      "personalization@3_std": 0.005237828008789236,
      "time_seconds": 0.0033555825551350913,
      "time_seconds_std": 0.0003577115879260212,
      "latency_per_query_ms": 0.22370550367567274,
      "latency_per_query_ms_std": 0.02384743919506808,
      "config": {
        "mode": "rag",
        "ml_enabled": true,
        "n_runs": 3,
        "n_queries": 15
      },
      "avg_time_seconds": 0.0033555825551350913
    },
    "Híbrido sin ML": {
      "precision@5": 0.14222222222222222,
      "precision@5_std": 0.01662958838566196,
      "recall@5": 0.3814814814814815,
      "recall@5_std": 0.040908744508100954,
      "f1@5": 0.20715929614402737,
      "f1@5_std": 0.023549692569383756,
      "hit_rate@5": 0.6,
      "hit_rate@5_std": 0.09428090415820632,
      "map@5": 0.2283333333333333,
      "map@5_std": 0.020840259479685326,
      "coverage": 0.8933333333333334,
      "coverage_std": 0.018856180831641284,
      "diversity": 0.3925925925925926,
      "diversity_std": 0.020951312035156967,
      "novelty@5": 0.6222222222222222,
      "novelty@5_std": 0.06562143582325956,
      "personalization@3": 0.13999999999999999,
      "personalization@3_std": 0.012862041003100252,
      "time_seconds": 0.12503703435262045,
      "time_seconds_std": 0.0033424871613303726,
      "latency_per_query_ms": 8.335802290174696,
      "latency_per_query_ms_std": 0.22283247742202458,
      "config": {
        "mode": "hybrid",
        "ml_enabled": false,
        "n_runs": 3,
        "n_queries": 15
      },
      "avg_time_seconds": 0.12503703435262045
    },
    "Híbrido con ML": {
      "precision@5": 0.13333333333333333,
      "precision@5_std": 0.018856180831641273,
      "recall@5": 0.3666666666666667,
      "recall@5_std": 0.05665577237325318,
      "f1@5": 0.19550498663496355,
      "f1@5_std": 0.02813765036428867,
      "hit_rate@5": 0.5555555555555555,
      "hit_rate@5_std": 0.06285393610547088,
      "map@5": 0.205679012345679,
      "map@5_std": 0.0403713142185886,
      "coverage": 0.8799999999999999,
      "coverage_std": 0.0565685424949238,
      "diversity": 0.4148148148148148,
      "diversity_std": 0.020951312035156943,
      "novelty@5": 0.6622222222222222,
      "novelty@5_std": 0.01662958838566201,
      "personalization@3": 0.13407407407407404,
      "personalization@3_std": 0.028549766430521133,
      "time_seconds": 0.11817208925882976,
      "time_seconds_std": 0.001358281788780183,
      "latency_per_query_ms": 7.878139283921983,
      "latency_per_query_ms_std": 0.09055211925201184,
      "config": {
        "mode": "hybrid",
        "ml_enabled": true,
        "n_runs": 3,
        "n_queries": 15
      },
      "avg_time_seconds": 0.11817208925882976
    }
  },
  "weighted_scores": {
    "RAG sin ML": 0.4701913913846225,
    "RAG con ML": 0.48845862735768947,
    "Híbrido sin ML": 0.4643448858001942,
    "Híbrido con ML": 0.4676709891723268
  },
  "recommended_system": "RAG con ML"
}