{
  "ppo_rewards": [
    0.46730236425995825,
    0.46212519735097884,
    0.4583693742752075,
    0.45203998759388925,
    0.4452304173260927
  ],
  "ppo_kl": [
    0.0033376771211624146,
    0.006646305024623871,
    0.015959043502807618,
    0.029101271629333497,
    0.00915048897266388
  ]
}