{
  "ppo_rewards": [
    0.46730236425995825,
    0.46212519735097884,
    0.4583693742752075,
    0.45203998759388925,
    0.4452304173260927,
    0.021949099209159613,
    -0.0026084726676344873,
    -0.007223261892795563,
    -0.0038704676181077957,
    -0.004822075292468071,
    -0.018812078852206468,
    -0.02383071690797806,
    -0.01818467374891043,
    -0.009846741408109665,
    -0.005173474922776223
  ],
  "ppo_kl": [
    0.0033376771211624146,
    0.006646305024623871,
    0.015959043502807618,
    0.029101271629333497,
    0.00915048897266388,
    0.002400941252708435,
    0.004821949899196625,
    0.007492448389530182,
    0.020086954236030578,
    0.030545937716960906,
    0.007464662194252014,
    0.013408763110637665,
    0.025403288006782532,
    0.05229636311531067,
    0.08087450742721558
  ]
}