{
  "timestamp": "20260228_073306",
  "n_test_queries": 15,
  "methods": [
    "baseline",
    "ner_enhanced",
    "reward_only",
    "rlhf",
    "full_hybrid"
  ],
  "summary": {
    "baseline": {
      "n_queries": 15,
      "ndcg@10_mean": 0.8496605612477882,
      "ndcg@10_std": 0.15106617206403777,
      "recall@10_mean": 1.0,
      "recall@10_std": 0.0,
      "mrr_mean": 0.8,
      "mrr_std": 0.29680841985233186,
      "map@10_mean": 0.7436567775258252,
      "map@10_std": 0.22018152631280527
    },
    "ner_enhanced": {
      "n_queries": 15,
      "ndcg@10_mean": 0.7788244001517269,
      "ndcg@10_std": 0.24607562366111033,
      "recall@10_mean": 0.832063492063492,
      "recall@10_std": 0.22355946855106804,
      "mrr_mean": 0.8666666666666666,
      "mrr_std": 0.28312317135609044,
      "map@10_mean": 0.6718901171579742,
      "map@10_std": 0.3102861526458019
    },
    "reward_only": {
      "n_queries": 15,
      "ndcg@10_mean": 0.8817499352563021,
      "ndcg@10_std": 0.13693494313547488,
      "recall@10_mean": 1.0,
      "recall@10_std": 0.0,
      "mrr_mean": 0.9166666666666666,
      "mrr_std": 0.2249338527106093,
      "map@10_mean": 0.7761683673469387,
      "map@10_std": 0.21013844102142565
    },
    "rlhf": {
      "n_queries": 15,
      "ndcg@10_mean": 0.8349756873107245,
      "ndcg@10_std": 0.16846021982254386,
      "recall@10_mean": 1.0,
      "recall@10_std": 0.0,
      "mrr_mean": 0.8444444444444444,
      "mrr_std": 0.2707035708675142,
      "map@10_mean": 0.7114729465860418,
      "map@10_std": 0.2406828131132097
    },
    "full_hybrid": {
      "n_queries": 15,
      "ndcg@10_mean": 0.7424052840242845,
      "ndcg@10_std": 0.20262826468403472,
      "recall@10_mean": 0.832063492063492,
      "recall@10_std": 0.22355946855106804,
      "mrr_mean": 0.8777777777777778,
      "mrr_std": 0.2632720443043077,
      "map@10_mean": 0.59808238851096,
      "map@10_std": 0.2603027966490697
    }
  },
  "stat_tests": {
    "ner_enhanced": {
      "p_value": 0.04521947835314143,
      "p_bonferroni": 0.18087791341256573,
      "significant": true,
      "significant_bonf": false,
      "n_queries": 15,
      "delta_ndcg10": -0.07083616109606128,
      "delta_pct": -8.336995304575892
    },
    "reward_only": {
      "p_value": 0.5331324973868123,
      "p_bonferroni": 2.1325299895472494,
      "significant": false,
      "significant_bonf": false,
      "n_queries": 15,
      "delta_ndcg10": 0.03208937400851386,
      "delta_pct": 3.776728669315695
    },
    "rlhf": {
      "p_value": 0.7625935767657642,
      "p_bonferroni": 3.050374307063057,
      "significant": false,
      "significant_bonf": false,
      "n_queries": 15,
      "delta_ndcg10": -0.014684873937063747,
      "delta_pct": -1.7283224156594894
    },
    "full_hybrid": {
      "p_value": 0.01907212738120927,
      "p_bonferroni": 0.07628850952483708,
      "significant": true,
      "significant_bonf": false,
      "n_queries": 15,
      "delta_ndcg10": -0.1072552772235037,
      "delta_pct": -12.623308897142588
    }
  },
  "model_info": {
    "embedding_model": "all-MiniLM-L6-v2",
    "reward_trained": true,
    "policy_trained": true
  }
}