{
  "metadata": {
    "timestamp": "20260119_090709",
    "train_queries_count": 4,
    "test_queries_count": 3,
    "split_ratio": "75/25",
    "seed": 42
  },
  "summary": {
    "baseline": {
      "mrr_mean": 0.25,
      "mrr_std": 0.25,
      "precision_mean": 0.20000000000000004,
      "recall_mean": 0.6666666666666666,
      "ndcg_mean": 0.37739852963778153,
      "total_found": 3,
      "n_queries": 3,
      "success_rate": 1.0
    },
    "ner_enhanced": {
      "mrr_mean": 0.2333333333333333,
      "mrr_std": 0.2516611478423583,
      "precision_mean": 0.13333333333333333,
      "recall_mean": 0.5,
      "ndcg_mean": 0.2893758221135846,
      "total_found": 2,
      "n_queries": 3,
      "success_rate": 1.0
    },
    "rlhf": {
      "mrr_mean": 0.25,
      "mrr_std": 0.25,
      "precision_mean": 0.20000000000000004,
      "recall_mean": 0.6666666666666666,
      "ndcg_mean": 0.37739852963778153,
      "total_found": 3,
      "n_queries": 3,
      "success_rate": 1.0
    },
    "full_hybrid": {
      "mrr_mean": 0.2333333333333333,
      "mrr_std": 0.2516611478423583,
      "precision_mean": 0.13333333333333333,
      "recall_mean": 0.5,
      "ndcg_mean": 0.2893758221135846,
      "total_found": 2,
      "n_queries": 3,
      "success_rate": 1.0
    }
  },
  "statistical_tests": {
    "ner_enhanced": {
      "t_statistic": 1.0,
      "p_value": 0.42264973081037416,
      "significant": false,
      "cohens_d": -0.08137884587711607,
      "mean_improvement": -0.01666666666666669,
      "percent_improvement": -6.666666666666677,
      "baseline_mean": 0.25,
      "method_mean": 0.2333333333333333,
      "n_samples": 3
    },
    "rlhf": {
      "t_statistic": null,
      "p_value": null,
      "significant": false,
      "cohens_d": 0.0,
      "mean_improvement": 0.0,
      "percent_improvement": 0.0,
      "baseline_mean": 0.25,
      "method_mean": 0.25,
      "n_samples": 3
    },
    "full_hybrid": {
      "t_statistic": 1.0,
      "p_value": 0.42264973081037416,
      "significant": false,
      "cohens_d": -0.08137884587711607,
      "mean_improvement": -0.01666666666666669,
      "percent_improvement": -6.666666666666677,
      "baseline_mean": 0.25,
      "method_mean": 0.2333333333333333,
      "n_samples": 3
    }
  },
  "train_queries": [
    "outdoor jacket",
    "detective books",
    "kid toys",
    "toyota parts"
  ],
  "test_queries": [
    "action video games",
    "survival video games",
    "skini jeans"
  ]
}