{
  "metadata": {
    "timestamp": "20260109_224948",
    "train_queries_count": 13,
    "test_queries_count": 5,
    "split_ratio": "75/25",
    "seed": 42
  },
  "summary": {
    "baseline": {
      "mrr_mean": 0.5,
      "mrr_std": 0.5,
      "precision_mean": 0.24000000000000005,
      "recall_mean": 0.5333333333333333,
      "ndcg_mean": 0.4634130563599186,
      "total_found": 6,
      "n_queries": 5,
      "success_rate": 1.0
    },
    "ner_enhanced": {
      "mrr_mean": 0.5,
      "mrr_std": 0.5,
      "precision_mean": 0.24000000000000005,
      "recall_mean": 0.5333333333333333,
      "ndcg_mean": 0.4634130563599186,
      "total_found": 6,
      "n_queries": 5,
      "success_rate": 1.0
    },
    "rlhf": {
      "mrr_mean": 0.65,
      "mrr_std": 0.48733971724044817,
      "precision_mean": 0.2,
      "recall_mean": 0.5666666666666667,
      "ndcg_mean": 0.4865646532019591,
      "total_found": 5,
      "n_queries": 5,
      "success_rate": 1.0
    },
    "full_hybrid": {
      "mrr_mean": 0.7,
      "mrr_std": 0.4472135954999579,
      "precision_mean": 0.24000000000000005,
      "recall_mean": 0.6333333333333333,
      "ndcg_mean": 0.5895990070742101,
      "total_found": 6,
      "n_queries": 5,
      "success_rate": 1.0
    }
  },
  "statistical_tests": {
    "ner_enhanced": {
      "t_statistic": null,
      "p_value": null,
      "significant": false,
      "cohens_d": 0.0,
      "mean_improvement": 0.0,
      "percent_improvement": 0.0,
      "baseline_mean": 0.5,
      "method_mean": 0.5,
      "n_samples": 5
    },
    "rlhf": {
      "t_statistic": -1.4999999999999998,
      "p_value": 0.20799999999999985,
      "significant": false,
      "cohens_d": 0.33968311024337877,
      "mean_improvement": 0.15000000000000002,
      "percent_improvement": 30.000000000000004,
      "baseline_mean": 0.5,
      "method_mean": 0.65,
      "n_samples": 5
    },
    "full_hybrid": {
      "t_statistic": -1.632993161855452,
      "p_value": 0.17780780835622126,
      "significant": false,
      "cohens_d": 0.47140452079103157,
      "mean_improvement": 0.19999999999999996,
      "percent_improvement": 39.99999999999999,
      "baseline_mean": 0.5,
      "method_mean": 0.7,
      "n_samples": 5
    }
  },
  "train_queries": [
    "\"playstation games\"",
    "\"nintendo switch\"",
    "electronics parts",
    "kid toys",
    "electronics",
    "kitchen utensils",
    "zelda videogames",
    "beauty products",
    "sports equipment",
    "mario games",
    "survival games",
    "headphones",
    "car parts"
  ],
  "test_queries": [
    "\"pc gaming\"",
    "\"xbox console\"",
    "detective books",
    "action video games",
    "sport videogames"
  ]
}