{
  "metadata": {
    "timestamp": "20260106_110006",
    "train_queries_count": 52,
    "test_queries_count": 19,
    "split_ratio": "75/25",
    "seed": 42
  },
  "summary": {
    "baseline": {
      "mrr_mean": 0.0,
      "mrr_std": 0.0,
      "precision_mean": 0.0,
      "recall_mean": 0.0,
      "ndcg_mean": 0.0,
      "total_found": 0,
      "n_queries": 0,
      "success_rate": 0.0
    },
    "ner_enhanced": {
      "mrr_mean": 0.6885964912280701,
      "mrr_std": 0.40238688432696534,
      "precision_mean": 0.17894736842105266,
      "recall_mean": 0.8421052631578947,
      "ndcg_mean": 0.721088480743464,
      "total_found": 17,
      "n_queries": 19,
      "success_rate": 1.0
    },
    "rlhf": {
      "mrr_mean": 0.6885964912280701,
      "mrr_std": 0.40238688432696534,
      "precision_mean": 0.17894736842105266,
      "recall_mean": 0.8421052631578947,
      "ndcg_mean": 0.721088480743464,
      "total_found": 17,
      "n_queries": 19,
      "success_rate": 1.0
    },
    "full_hybrid": {
      "mrr_mean": 0.6885964912280701,
      "mrr_std": 0.40238688432696534,
      "precision_mean": 0.17894736842105266,
      "recall_mean": 0.8421052631578947,
      "ndcg_mean": 0.721088480743464,
      "total_found": 17,
      "n_queries": 19,
      "success_rate": 1.0
    }
  },
  "statistical_tests": {
    "ner_enhanced": {
      "t_statistic": -7.459295108885602,
      "p_value": 6.542164919255582e-07,
      "significant": true,
      "cohens_d": 2.486431702961868,
      "mean_improvement": 0.6885964912280701,
      "percent_improvement": 0.0,
      "baseline_mean": 0.0,
      "method_mean": 0.6885964912280701,
      "n_samples": 19
    },
    "rlhf": {
      "t_statistic": -7.459295108885602,
      "p_value": 6.542164919255582e-07,
      "significant": true,
      "cohens_d": 2.486431702961868,
      "mean_improvement": 0.6885964912280701,
      "percent_improvement": 0.0,
      "baseline_mean": 0.0,
      "method_mean": 0.6885964912280701,
      "n_samples": 19
    },
    "full_hybrid": {
      "t_statistic": -7.459295108885602,
      "p_value": 6.542164919255582e-07,
      "significant": true,
      "cohens_d": 2.486431702961868,
      "mean_improvement": 0.6885964912280701,
      "percent_improvement": 0.0,
      "baseline_mean": 0.0,
      "method_mean": 0.6885964912280701,
      "n_samples": 19
    }
  },
  "train_queries": [
    "repuesto de carburador para motor de moto",
    "bodycon dress",
    "car game nintendo ds",
    "bed",
    "brazilian virgin hair",
    "diving mask snorkeling",
    "external hard drive 2tb",
    "ice cube tray with lid",
    "nintendo switch dock adapter",
    "mechanical keyboard gaming",
    "yamaha golf cart clutch puller tool g1 g2 g9",
    "apple",
    "new years party decorations",
    "curly synthetic wigs",
    "dyson v8 battery",
    "christian daily devotional",
    "racing steering wheel ps4",
    "LED light bar",
    "mario bros",
    "volumizing conditioner",
    "karate uniform",
    "door handle replacement",
    "led lights for truck",
    "mario games",
    "stretchy skater skirt",
    "genuine hyundai passenger side front door handle inside 2004 sonata",
    "car door handle replacement",
    "led",
    "ATV battery replacement",
    "Battery for Can-Am",
    "nike womens hat",
    "hair dye dark brown",
    "car toys",
    "dallas cowboys jersey",
    "motorcycle battery",
    "touch up paint chip",
    "gingham tablecloth",
    "lake fishing maps",
    "fight games",
    "makeup organizer",
    "acrylic nail tips",
    "fisher price little people",
    "car speakers",
    "usb c headphone adapter",
    "spanish literature",
    "car games",
    "star trek audiobook",
    "curling iron",
    "amd processor",
    "camping tent 2 person",
    "makeup brush set",
    "yugioh cyber dragon card"
  ],
  "test_queries": [
    "glitter trucker hat",
    "fake nails",
    "spark plug",
    "marvel avengers poster",
    "terrorism thriller",
    "fishing adhesive",
    "door panel courtesy light",
    "airplane wall hook",
    "lego ninjago set",
    "wii console skins",
    "zelda games",
    "carburetor rebuild kit",
    "nail polish gel",
    "car parts",
    "horror novel dead sea",
    "truck side steps",
    "running wristband wallet",
    "childrens playhouse",
    "generator stator"
  ]
}