{
  "metadata": {
    "timestamp": "20260106_105429",
    "train_queries_count": 52,
    "test_queries_count": 19,
    "split_ratio": "75/25",
    "seed": 42
  },
  "summary": {
    "baseline": {
      "mrr_mean": 0.0,
      "mrr_std": 0.0,
      "precision_mean": 0.0,
      "recall_mean": 0.0,
      "ndcg_mean": 0.0,
      "total_found": 0,
      "n_queries": 0,
      "success_rate": 0.0
    },
    "ner_enhanced": {
      "mrr_mean": 0.6885964912280701,
      "mrr_std": 0.40238688432696534,
      "precision_mean": 0.17894736842105266,
      "recall_mean": 0.8421052631578947,
      "ndcg_mean": 0.721088480743464,
      "total_found": 17,
      "n_queries": 19,
      "success_rate": 1.0
    },
    "rlhf": {
      "mrr_mean": 0.6885964912280701,
      "mrr_std": 0.40238688432696534,
      "precision_mean": 0.17894736842105266,
      "recall_mean": 0.8421052631578947,
      "ndcg_mean": 0.721088480743464,
      "total_found": 17,
      "n_queries": 19,
      "success_rate": 1.0
    },
    "full_hybrid": {
      "mrr_mean": 0.6885964912280701,
      "mrr_std": 0.40238688432696534,
      "precision_mean": 0.17894736842105266,
      "recall_mean": 0.8421052631578947,
      "ndcg_mean": 0.721088480743464,
      "total_found": 17,
      "n_queries": 19,
      "success_rate": 1.0
    }
  },
  "statistical_tests": {
    "ner_enhanced": {
      "t_statistic": -7.459295108885602,
      "p_value": 6.542164919255582e-07,
      "significant": 