{
  "metadata": {
    "timestamp": "20260204_101844",
    "train_queries_count": 12,
    "test_queries_count": 6,
    "split_ratio": "75/25",
    "seed": 42
  },
  "summary": {
    "baseline": {
      "mrr_mean": 0.5,
      "mrr_std": 0.31622776601683794,
      "precision_mean": 0.26666666666666666,
      "recall_mean": 0.7777777777777777,
      "ndcg_mean": 0.5721516023772341,
      "total_found": 8,
      "n_queries": 6,
      "success_rate": 1.0
    },
    "ner_enhanced": {
      "mrr_mean": 0.75,
      "mrr_std": 0.4183300132670378,
      "precision_mean": 0.26666666666666666,
      "recall_mean": 0.7777777777777777,
      "ndcg_mean": 0.7170526376824603,
      "total_found": 8,
      "n_queries": 6,
      "success_rate": 1.0
    },
    "rlhf": {
      "mrr_mean": 0.34722222222222215,
      "mrr_std": 0.37422759959187446,
      "precision_mean": 0.16666666666666666,
      "recall_mean": 0.5277777777777778,
      "ndcg_mean": 0.354621014229136,
      "total_found": 5,
      "n_queries": 6,
      "success_rate": 1.0
    },
    "full_hybrid": {
      "mrr_mean": 0.611111111111111,
      "mrr_std": 0.44305337860837524,
      "precision_mean": 0.19999999999999998,
      "recall_mean": 0.638888888888889,
      "ndcg_mean": 0.545975387067581,
      "total_found": 6,
      "n_queries": 6,
      "success_rate": 1.0
    }
  },
  "statistical_tests": {
    "ner_enhanced": {
      "t_statistic": -2.23606797749979,
      "p_value": 0.07558681842161243,
      "significant": false,
      "cohens_d": 0.7385489458759963,
      "mean_improvement": 0.25,
      "percent_improvement": 50.0,
      "baseline_mean": 0.5,
      "method_mean": 0.75,
      "n_samples": 6
    },
    "rlhf": {
      "t_statistic": 0.6757246285173464,
      "p_value": 0.5292004586297188,
      "significant": false,
      "cohens_d": -0.4830791626001649,
      "mean_improvement": -0.15277777777777785,
      "percent_improvement": -30.555555555555568,
      "baseline_mean": 0.5,
      "method_mean": 0.34722222222222215,
      "n_samples": 6
    },
    "full_hybrid": {
      "t_statistic": -0.49999999999999994,
      "p_value": 0.638298871640929,
      "significant": false,
      "cohens_d": 0.3162277660168378,
      "mean_improvement": 0.11111111111111105,
      "percent_improvement": 22.22222222222221,
      "baseline_mean": 0.5,
      "method_mean": 0.611111111111111,
      "n_samples": 6
    }
  },
  "train_queries": [
    "\"playstation games\"",
    "zelda videogames",
    "\"xbox console\"",
    "sports equipment",
    "mario games for kids",
    "mario games",
    "\"pc gaming\"",
    "beauty products",
    "car parts",
    "sport videogames",
    "kitchen utensils",
    "detective books"
  ],
  "test_queries": [
    "headphones",
    "electronics parts",
    "action video games",
    "survival games",
    "\"nintendo switch\"",
    "kid toys"
  ]
}