{
  "timestamp": "20260227_094208",
  "n_queries": 500,
  "pool_size": 100,
  "summary": {
    "bm25": {
      "ndcg@5": 0.1790593020603421,
      "ndcg@10": 0.18202014744756126,
      "mrr": 0.31382462125078225,
      "recall@10": 0.16461907588443467
    },
    "faiss": {
      "ndcg@5": 0.19748320904728656,
      "ndcg@10": 0.20876131407956633,
      "mrr": 0.33363775504681076,
      "recall@10": 0.19432843976969508
    },
    "bm25_rerank": {
      "ndcg@5": 0.12847167855047253,
      "ndcg@10": 0.13677949033759265,
      "mrr": 0.2300688385487921,
      "recall@10": 0.13149040011648022
    }
  },
  "config": {
    "pool_size": 100,
    "sample": null,
    "quick": true,
    "seed": 42
  }
}