{
  "metadata": {
    "timestamp": "20260107_200449",
    "train_queries_count": 13,
    "test_queries_count": 5,
    "split_ratio": "75/25",
    "seed": 42
  },
  "summary": {
    "baseline": {
      "mrr_mean": 0.5,
      "mrr_std": 0.5,
      "precision_mean": 0.24000000000000005,
      "recall_mean": 0.5333333333333333,
      "ndcg_mean": 0.4634130563599186,
      "total_found": 6,
      "n_queries": 5,
      "success_rate": 1.0
    },
    "ner_enhanced": {
      "mrr_mean": 0.6,
      "mrr_std": 0.5477225575051662,
      "precision_mean": 0.24000000000000005,
      "recall_mean": 0.5333333333333333,
      "ndcg_mean": 0.5530721273977244,
      "total_found": 6,
      "n_queries": 5,
      "success_rate": 1.0
    },
    "rlhf": {
      "mrr_mean": 0.6666666666666667,
      "mrr_std": 0.4714045207910317,
      "precision_mean": 0.2,
      "recall_mean": 0.5666666666666667,
      "ndcg_mean": 0.5004293415872805,
      "total_found": 5,
      "n_queries": 5,
      "success_rate": 1.0
    },
    "full_hybrid": {
      "mrr_mean": 0.6666666666666667,
      "mrr_std": 0.4714045207910317,
      "precision_mean": 0.2,
      "recall_mean": 0.5666666666666667,
      "ndcg_mean": 0.5004293415872805,
      "total_found": 5,
      "n_queries": 5,
      "success_rate": 1.0
    }
  },
  "statistical_tests": {
    "ner_enhanced": {
      "t_statistic": -1.0,
      "p_value": 0.373900966300059,
      "significant": false,
      "cohens_d": 0.2132007163556104,
      "mean_improvement": 0.09999999999999998,
      "percent_improvement": 19.999999999999996,
      "baseline_mean": 0.5,
      "method_mean": 0.6,
      "n_samples": 5
    },
    "rlhf": {
      "t_statistic": -1.5811388300841895,
      "p_value": 0.18900365845517533,
      "significant": false,
      "cohens_d": 0.38348249442368537,
      "mean_improvement": 0.16666666666666674,
      "percent_improvement": 33.33333333333335,
      "baseline_mean": 0.5,
      "method_mean": 0.6666666666666667,
      "n_samples": 5
    },
    "full_hybrid": {
      "t_statistic": -1.5811388300841895,
      "p_value": 0.18900365845517533,
      "significant": false,
      "cohens_d": 0.38348249442368537,
      "mean_improvement": 0.16666666666666674,
      "percent_improvement": 33.33333333333335,
      "baseline_mean": 0.5,
      "method_mean": 0.6666666666666667,
      "n_samples": 5
    }
  },
  "train_queries": [
    "\"playstation games\"",
    "\"nintendo switch\"",
    "electronics parts",
    "kid toys",
    "electronics",
    "kitchen utensils",
    "zelda videogames",
    "beauty products",
    "sports equipment",
    "mario games",
    "survival games",
    "headphones",
    "car parts"
  ],
  "test_queries": [
    "\"pc gaming\"",
    "\"xbox console\"",
    "detective books",
    "action video games",
    "sport videogames"
  ]
}