{
  "metadata": {
    "timestamp": "20260112_204622",
    "train_queries_count": 13,
    "test_queries_count": 5,
    "split_ratio": "75/25",
    "seed": 42
  },
  "summary": {
    "baseline": {
      "mrr_mean": 0.06666666666666667,
      "mrr_std": 0.14907119849998599,
      "precision_mean": 0.04,
      "recall_mean": 0.06666666666666667,
      "ndcg_mean": 0.04692787260227564,
      "total_found": 1,
      "n_queries": 5,
      "success_rate": 1.0
    },
    "ner_enhanced": {
      "mrr_mean": 0.2,
      "mrr_std": 0.44721359549995804,
      "precision_mean": 0.04,
      "recall_mean": 0.06666666666666667,
      "ndcg_mean": 0.09385574520455128,
      "total_found": 1,
      "n_queries": 5,
      "success_rate": 1.0
    },
    "rlhf": {
      "mrr_mean": 0.06666666666666667,
      "mrr_std": 0.14907119849998599,
      "precision_mean": 0.04,
      "recall_mean": 0.06666666666666667,
      "ndcg_mean": 0.04692787260227564,
      "total_found": 1,
      "n_queries": 5,
      "success_rate": 1.0
    },
    "full_hybrid": {
      "mrr_mean": 0.2,
      "mrr_std": 0.44721359549995804,
      "precision_mean": 0.04,
      "recall_mean": 0.06666666666666667,
      "ndcg_mean": 0.09385574520455128,
      "total_found": 1,
      "n_queries": 5,
      "success_rate": 1.0
    }
  },
  "statistical_tests": {
    "ner_enhanced": {
      "t_statistic": -1.0,
      "p_value": 0.373900966300059,
      "significant": false,
      "cohens_d": 0.4472135954999579,
      "mean_improvement": 0.13333333333333336,
      "percent_improvement": 200.00000000000006,
      "baseline_mean": 0.06666666666666667,
      "method_mean": 0.2,
      "n_samples": 5
    },
    "rlhf": {
      "t_statistic": null,
      "p_value": null,
      "significant": false,
      "cohens_d": 0.0,
      "mean_improvement": 0.0,
      "percent_improvement": 0.0,
      "baseline_mean": 0.06666666666666667,
      "method_mean": 0.06666666666666667,
      "n_samples": 5
    },
    "full_hybrid": {
      "t_statistic": -1.0,
      "p_value": 0.373900966300059,
      "significant": false,
      "cohens_d": 0.4472135954999579,
      "mean_improvement": 0.13333333333333336,
      "percent_improvement": 200.00000000000006,
      "baseline_mean": 0.06666666666666667,
      "method_mean": 0.2,
      "n_samples": 5
    }
  },
  "train_queries": [
    "\"playstation games\"",
    "\"nintendo switch\"",
    "electronics parts",
    "kid toys",
    "electronics",
    "kitchen utensils",
    "zelda videogames",
    "beauty products",
    "sports equipment",
    "mario games",
    "survival games",
    "headphones",
    "car parts"
  ],
  "test_queries": [
    "\"pc gaming\"",
    "\"xbox console\"",
    "detective books",
    "action video games",
    "sport videogames"
  ]
}