{
  "timestamp": 1764766027.100973,
  "config": {
    "mode": "all",
    "ml_enabled": false
  },
  "results": {
    "rag_without_ml": {
      "time_seconds": 0.0028200149536132812,
      "queries_count": 7,
      "precision@5": 0.4857142857142857,
      "recall@5": 0.4107142857142857,
      "f1@5": 0.44507683551508254,
      "mrr@10": 0.5714285714285714,
      "ndcg@10": 0.5714285714285714,
      "avg_retrieved": 10.0,
      "config": {
        "mode": "rag",
        "ml_enabled": false
      }
    },
    "rag_with_ml": {
      "time_seconds": 0.001943349838256836,
      "queries_count": 7,
      "precision@5": 0.4857142857142857,
      "recall@5": 0.4107142857142857,
      "f1@5": 0.44507683551508254,
      "mrr@10": 0.5714285714285714,
      "ndcg@10": 0.5714285714285714,
      "avg_retrieved": 10.0,
      "config": {
        "mode": "rag",
        "ml_enabled": true
      }
    },
    "hybrid_without_ml": {
      "time_seconds": 0.002538919448852539,
      "queries_count": 7,
      "precision@5": 0.4857142857142857,
      "recall@5": 0.4107142857142857,
      "f1@5": 0.44507683551508254,
      "mrr@10": 0.5714285714285714,
      "ndcg@10": 0.4719651255421518,
      "avg_retrieved": 5.0,
      "config": {
        "mode": "hybrid",
        "ml_enabled": false,
        "rag_weight": 0.7,
        "collab_weight": 0.3
      }
    },
    "hybrid_with_ml": {
      "time_seconds": 0.0031125545501708984,
      "queries_count": 7,
      "precision@5": 0.4857142857142857,
      "recall@5": 0.4107142857142857,
      "f1@5": 0.44507683551508254,
      "mrr@10": 0.5714285714285714,
      "ndcg@10": 0.4719651255421518,
      "avg_retrieved": 5.0,
      "config": {
        "mode": "hybrid",
        "ml_enabled": true,
        "rag_weight": 0.6,
        "collab_weight": 0.4
      }
    }
  }
}