{
  "timestamp": 1764769679.075582,
  "config": {
    "mode": "all",
    "ml_enabled": false,
    "k_values": "5,10",
    "seed": 42,
    "version": "mejorado-1.0"
  },
  "results": {
    "rag_without_ml": {
      "time_seconds": 0.002769947052001953,
      "latency_per_query_ms": 0.2769947052001953,
      "queries_count": 10,
      "precision@5": 0.02,
      "recall@5": 0.1,
      "f1@5": 0.03333333333333333,
      "mrr@10": 0.07539682539682539,
      "ndcg@10": 0.16894546246997502,
      "avg_retrieved": 10.0,
      "hit_rate@5": 0.1,
      "hit_rate@10": 0.4,
      "map@5": 0.03333333333333333,
      "map@10": 0.07539682539682539,
      "coverage": 0.8947368421052632,
      "serendipity@5": 0.0,
      "novelty@5": 0.78,
      "exploration_rate": 1.0,
      "exploitation_rate": 0.0,
      "config": {
        "mode": "rag",
        "ml_enabled": false,
        "retriever_type": "improved",
        "seed": 42
      }
    },
    "rag_with_ml": {
      "time_seconds": 0.0033600330352783203,
      "latency_per_query_ms": 0.33600330352783203,
      "queries_count": 10,
      "precision@5": 0.04,
      "recall@5": 0.2,
      "f1@5": 0.06666666666666667,
      "mrr@10": 0.11428571428571428,
      "ndcg@10": 0.23739897479140212,
      "avg_retrieved": 10.0,
      "hit_rate@5": 0.2,
      "hit_rate@10": 0.4,
      "map@5": 0.08333333333333333,
      "map@10": 0.11428571428571428,
      "coverage": 0.8947368421052632,
      "serendipity@5": 0.02,
      "novelty@5": 0.76,
      "exploration_rate": 1.0,
      "exploitation_rate": 0.0,
      "config": {
        "mode": "rag",
        "ml_enabled": true,
        "retriever_type": "improved",
        "seed": 42
      }
    },
    "hybrid_without_ml": {
      "time_seconds": 0.00867152214050293,
      "latency_per_query_ms": 0.867152214050293,
      "queries_count": 10,
      "precision@5": 0.02,
      "recall@5": 0.1,
      "f1@5": 0.03333333333333333,
      "mrr@10": 0.03333333333333333,
      "ndcg@10": 0.06309297535714575,
      "avg_retrieved": 5.0,
      "hit_rate@5": 0.1,
      "hit_rate@10": 0.1,
      "map@5": 0.03333333333333333,
      "map@10": 0.03333333333333333,
      "coverage": 0.8947368421052632,
      "serendipity@5": 0.0,
      "novelty@5": 0.78,
      "exploration_rate": 1.0,
      "exploitation_rate": 0.0,
      "config": {
        "mode": "hybrid",
        "ml_enabled": false,
        "rag_weight": 0.7,
        "collab_weight": 0.3,
        "retriever_type": "improved",
        "seed": 42
      }
    },
    "hybrid_with_ml": {
      "time_seconds": 0.0074193477630615234,
      "latency_per_query_ms": 0.7419347763061523,
      "queries_count": 10,
      "precision@5": 0.04,
      "recall@5": 0.2,
      "f1@5": 0.06666666666666667,
      "mrr@10": 0.06666666666666667,
      "ndcg@10": 0.1261859507142915,
      "avg_retrieved": 5.0,
      "hit_rate@5": 0.2,
      "hit_rate@10": 0.2,
      "map@5": 0.06666666666666667,
      "map@10": 0.06666666666666667,
      "coverage": 0.8947368421052632,
      "serendipity@5": 0.02,
      "novelty@5": 0.7,
      "exploration_rate": 1.0,
      "exploitation_rate": 0.0,
      "config": {
        "mode": "hybrid",
        "ml_enabled": true,
        "rag_weight": 0.55,
        "collab_weight": 0.45,
        "retriever_type": "improved",
        "seed": 42
      }
    }
  }
}